name	size
程一駿	114
邱郁文	108
林幸助	92
林雨德	77
林思民	60
邵廣昭	60
林惠真	60
卓逸民	53
梁世雄	52
黃大駿	50
陳昭倫	49
關永才	49
顏聖紘	49
尤少彬	45
張學文	44
杜銘章	41
林仲平	39
李壽先	39
呂光洋	38
張明雄	37
袁孝維	37
林良恭	37
周蓮香	37
李玲玲	37
毛俊傑	36
吳聲海	36
侯平君	34
王瑋龍	33
孫元勳	32
林宗岐	30
謝寶森	29
吳海音	29
林曜松	29
施習德	29
李培芬	29
李亞夫	29
裴家騏	28
方引平	28
Chaolun Allen Chen	27
陳俊宏	26
彭仁君	26
Chung-Ping Lin	26
張育誠	26
鄭錫奇	25
陳炳煌	25
陳亮憲	25
楊曼妙	25
楊懿如	25
楊恩誠	24
陳章波	24
蔡添順	24
林瑞興	24
許皓捷	24
許富雄	24
楊正澤	23
趙偉村	22
謝欣怡	22
宋國彰	21
黃美秀	21
姚正得	21
蘇俊育	21
紀凱容	21
莊孟憲	21
顏易君	21
王一匡	21
許鈺鸚	20
謝蕙蓮	20
溫育德	20
丁宗蘇	20
郭曉薇	19
劉小如	19
楊平世	18
曾晴賢	18
姜鈴	18
徐芝敏	18
徐堉峰	17
蔡政達	17
葉芳伶	17
何健鎔	17
陳怡惠	17
王穎	17
宋克義	16
石芝菁	16
詹芳澤	16
林華慶	16
張原謀	15
林宜靜	15
戴昌鳳	15
方力行	15
林德恩	15
周政翰	14
李佩珍	14
蘇秀慧	14
柯智仁	14
黃將修	14
沈聖峰	14
樊同雲	14
莊銘豐	14
李承錄	14
陳清旗	13
嚴宏洋	13
楊樹森	13
焦傳金	13
黃銘志	13
趙國容	13
許育誠	13
翁義聰	12
林斯正	12
曾惠芸	12
吳宗澤	12
黃于玻	12
劉威廷	11
謝宗志	11
余欣怡	11
張簡琳玟	11
翁國精	11
劉烘昌	11
洪孝宇	10
巫文隆	10
韋家軒	10
黃志堅	10
莫顯蕎	10
郭硯敏	10
柏豪	10
鍾國仁	10
陳添喜	9
謝森和	9
伏鳳岐	9
方懷聖	9
Shen-Horn Yen	9
李宗翰	9
黃國靖	9
官淑蕙	9
莊怡麗	9
朱有田	9
黃彥銘	9
劉弼仁	9
張心怡	9
林雅玲	9
洪韻軒	9
張至維	9
林怡如	9
林劭陽	9
陳建志	9
劉建男	9
林春富	8
劉莉蓮	8
楊智安	8
林文隆	8
林素華	8
范孟雯	8
邱玉娟	8
周文豪	8
鄭任鈞	8
龔文斌	8
Jo-Fan Wang	8
蔡宜君	8
鄭先祐	8
黃俊諺	8
林彥博	8
吳欣儒	8
許正欣	8
張伊鈞	8
張仕緯	8
陳湘繁	8
林子皓	8
賴弘智	8
蘇維翎	8
林孟賢	8
林展蔚	8
謝志豪	8
陳一菁	8
賴昆祺	8
黃淑萍	8
仲澤剛史	8
郭美華	8
王玉璽	7
游淑媚	7
黃守忠	7
曹先紹	7
林金福	7
鄭偉群	7
李冠逸	7
李艾陵	7
李紫燕	7
Jen-Pan Huang	7
李坤璋	7
Chih-hao Hsieh	7
陳明輝	7
葉人瑋	7
莊淑君	7
黃元照	7
黃博森	7
林蔚任	7
孫義方	7
曾鉦琮	7
林大利	7
蔡若詩	7
林宗以	7
賀菡芝	7
陳瀅世	7
朱汶偵	7
黃文山	7
黃衍勳	7
陳炤杰	7
蕭可晉	7
林清隆	7
賴玉菁	6
陳義雄	6
黃俊男	6
方穗銓	6
賴珮瑄	6
林依蓉	6
林宣佑	6
李懿欣	6
曾建璋	6
林康捷	6
賴慧綺	6
劉以誠	6
蔣忠祐	6
李徵葳	6
許鴻龍	6
陳俊宇	6
劉凱青	6
Lien-Siang Chou	6
林冠甫	6
陳貞志	6
陳久林	6
藍艷秋	6
陳盈蓉	6
Yat-Hung Lee	6
施玲玲	6
林欣茵	6
曾建偉	6
趙仁方	6
詹仕凡	6
陳昱凱	6
Ming-Yu Chen	6
陸聲山	6
鍾昆典	6
陳德豪	6
劉芳如	6
巫奇勳	6
Chang-Po Chen	6
黃鈞漢	6
黃致維	6
宋心怡	6
羅英元	6
黃宗舜	6
汪碧涵	6
孫建平	6
廖鎮磐	6
洪慶宜	6
黃家勤	6
黃正良	6
孟培傑	6
劉商隱	5
何宣慶	5
陳琬婷	5
黃紹彰	5
邱智賢	5
黃文伯	5
賴亦德	5
蔡作明	5
周睿鈺	5
洪貫捷	5
陳賜隆	5
曾惠珠	5
陳士訓	5
鍾文松	5
陳永修	5
En-Cheng Yang	5
Bruno Di Giusto	5
劉少倫	5
陳藝暉	5
黃為	5
陳薇云	5
徐菀佐	5
Carden C. Wallace	5
盧重成	5
陳靜怡	5
陳宣汶	5
翁慶豐	5
王建平	5
鄭惟仁	5
韋昕林	5
韓僑權	5
翁嘉駿	5
許惠吟	5
陶善達	5
翁瑞鴻	5
曾萬年	5
江智民	5
趙麗玲	5
郭耀綸	5
張晉榮	5
林育秀	5
蔡峰岳	5
陳子英	5
徐翰慈	5
張靖	5
吳佳玲	5
楊仁理	5
范嵐楓	5
陳志耘	5
王豐寓	5
李香瑩	5
Jiang-Shiou Hwang	5
Sheng-Feng Shen	5
黃太亮	5
蕭淑娟	5
Jeng-Tze Yang	5
Yuying Hsu	5
廖士睿	5
劉靜宜	5
宋宏紅	5
熊大維	5
于宏燦	5
Shou-Hsien Li	5
張鈞翔	5
莊智元	5
葉峻銘	5
林奕甫	5
葉信明	5
黃興倬	5
黃基礎	5
施禮正	5
楊育昌	5
辛旻桀	5
陳俊堯	5
許元俊	5
楊邵閔	5
陳昱儒	5
易裕哲	5
鄭薏如	5
陳嘉宏	5
陸玉玲	4
黃曜謀	4
林桂賢	4
洪欽勳	4
陳美汀	4
黃繼瑩	4
廖顯竣	4
詹榮桂	4
陳建勳	4
洪心怡	4
Yvonne Di Giusto	4
蕭蓉禎	4
陳怡君	4
汪辰寧	4
吳立偉	4
李佳倩	4
吳宗翰	4
張永欣	4
謝仲甫	4
李文翰	4
林學曦	4
佘明義	4
鄭金華	4
陳麗淑	4
羅怡珮	4
林朝欽	4
李得元	4
洪志銘	4
胡景程	4
黃重期	4
王子元	4
胡正恆	4
陳逸軒	4
陳彥霖	4
王善璘	4
徐培源	4
孫雅筠	4
郭瑞霖	4
蕭旭峰	4
程紫芸	4
陳郁屏	4
張俊文	4
王佳琪	4
翁菁羚	4
鄭筠潔	4
蕭伯諭	4
沈錦豐	4
沈雅琪	4
何傳愷	4
陳彥廷	4
洪崇航	4
蘇國強	4
洪婷靖	4
陳一銘	4
徐中琪	4
陳韋民	4
吳瑞賢	4
李國瑋	4
胡家怡	4
陳弘成	4
陳芝婷	4
陳陽發	4
蔡金助	4
陳志豪	4
廖煥彰	4
張睿昇	4
廖運志	4
許詩涵	4
湯子菁	4
蘇珊慧	4
黃鵬鵬	4
戴永禔	4
劉敏慧	4
鄧伯齡	4
Ya-Fu Lee	4
葉文斌	4
黃一喜	4
王豫煌	4
葉明峰	4
羅婷雯	4
吳明煌	4
魏湘蓉	4
曹先绍	4
姚秋如	4
金磊	4
陳佳惠	4
Kai-Jung Chi	4
曹暐智	4
歐陽建華	4
柯秉志	4
戴士恩	4
王弘毅	4
黃子峻	4
施志昀	4
張家豪	4
Ho-E Lin	4
葉威廷	4
吳政翰	4
黃光隆	4
謝長富	4
黃生	4
游鎮烽	4
陳東瑤	4
吳文彥	4
I-Min Tso	4
李育欣	4
李閣桓	4
萬鑫偉	4
喬奕凱	4
李育修	4
劉銘	4
葉佳芬	4
王相華	4
唐立正	4
鍾佳芸	4
楊雨珊	4
張堡進	4
吳慧雯	4
金仕謙	4
陳益志	4
賴伯琦	4
宋壬夫	4
張顥嚴	4
林葭瑀	4
陳宏昌	4
趙明杰	4
蔡尚悳	4
曾文翰	4
姜博仁	4
曾煌閔	4
曾翌碩	4
陳宏彰	4
Chang-Feng Dai	4
張桂祥	4
許庭彰	4
賴俊祥	4
鍾桂芳	4
蔡政斈	4
王敏真	4
洪淑彬	4
王齡敏	4
王思函	4
周時平	4
張鈞傑	4
蘇美如	4
徐靖瑋	4
高文媛	4
陳溫柔	4
游登良	4
林泰申	4
陳淑梅	4
林錦繡	4
姜壽嶽	4
吳兩新	4
李致安	3
李昆澤	3
黃紹銘	3
李昱	3
賴鈺清	3
陳惇聿	3
張世倉	3
尤宣雅	3
賴燕雪	3
李思賢	3
李沛沂	3
陳昇衛	3
李淑慧	3
陳昱豪	3
李政璋	3
陳明玉	3
許勝發	3
黃聖智	3
Yoshikatsu Nakano	3
郭冠群	3
賴欣愉	3
彭博	3
Hui-Chen Lin	3
管立豪	3
向高世	3
陳嘉芬	3
陳坤能	3
戴孝勳	3
劉岱元	3
曾于芳	3
古鎮嘉	3
王震哲	3
王順美	3
戴佩玲	3
關哲昀	3
謝欣宜	3
劉哲元	3
曾宏焙	3
劉又瑋	3
王晉倫	3
王昭均	3
吳佩真	3
黃青萸	3
劉建秦	3
王牧芸	3
謝玉龍	3
Bo-Chi G. Lai	3
譚文皓	3
廖啟政	3
王純君	3
王筱雯	3
劉越宜	3
廖培鈞	3
陳俊山	3
劉烱錫	3
王詩婷	3
方華德	3
戴為愚	3
陳元龍	3
王盈涵	3
劉錕	3
卓書齊	3
施明智	3
廖一璋	3
陳姿言	3
劉佩瑜	3
謝振尉	3
盧道杰	3
何瓊紋	3
詹淇	3
Che-Yun Kuan	3
黃鈺婷	3
黃郁雲	3
吳士緯	3
何季耕	3
陳一豪	3
何一先	3
郭姿欣	3
任秀慧	3
郭奇芊	3
李展榮	3
許秋容	3
許秀雯	3
徐元傑	3
丘明智	3
Chau-Ti Ting	3
何紋靈	3
陳孟仙	3
陳岳智	3
曾煒哲	3
賴勇志	3
曾美珍	3
盧俊諺	3
賴威政	3
謝宗叡	3
謝季吟	3
郭建賢	3
朱賢斌	3
陳定鼎	3
王志瑋	3
陳世緯	3
吳冠億	3
謝佳宏	3
李佩儒	3
盧智仁	3
吳和瑾	3
陳寶樹	3
翁嘉鎂	3
張毓琦	3
Sami Souissi	3
吳靜雯	3
鄭元誠	3
蔡繼鋒	3
魏世惠	3
黃政豪	3
鄭新鴻	3
劉良力	3
吳龍靜	3
葛兆年	3
孫敬閔	3
Pei-Fen Lee	3
高年信	3
黃子典	3
邱嘉德	3
郭仕珺	3
董光中	3
Hong Young Yan	3
林明慶	3
鄭有成	3
林昆海	3
葉柏安	3
麥舘碩	3
胡登雄	3
陳逸文	3
歐姿慧	3
Fang-Lin Wang	3
張禾玫	3
蔡雯嘉	3
蔡雅芬	3
郭芙	3
楊凱翔	3
楊信得	3
Jong-Wei Tan	3
魏汝薇	3
葉素含	3
梁若華	3
林旻儀	3
李菁紋	3
Nuwei Vivian Wei	3
Keryea Soong	3
張明哲	3
郭金泉	3
顏重威	3
邱慈暉	3
張又仁	3
黃家綉	3
蔡幸蒨	3
Man-Miao Yang	3
林芳儀	3
蔡俊興	3
Lucia Liu Severinghaus	3
林芳塵	3
鄭又華	3
蔡尚惪	3
蔡宜潔	3
馮加伶	3
張文炳	3
周怡嘉	3
高孝偉	3
Keshavmurthy Shashank	3
汪仁傑	3
張樂寧	3
張志銘	3
林永祥	3
林鴻銓	3
林泰榮	3
Ming-Che Yang	3
段譽豪	3
林煒筌	3
鄭全斌	3
林猷威	3
鄭宇庭	3
高梅婷	3
林瑩峰	3
鄭宇佩	3
Hin-Kiu Mok	3
郭世杰	3
Sakanan Plathong	3
葉昭憲	3
See-Min Tee	3
楊雅雯	3
林佩羿	3
Hwey-Lian Hsieh	3
Chuan-Kai Ho	3
張宏宇	3
鄭一帆	3
黃健鈞	3
張藝耀	3
黃沂訓	3
陳泓霖	3
黃永慶	3
黃國誌	3
游崇瑋	3
張宏逢	3
Wann-Nian Tzeng	3
洪語澤	3
葉大詮	3
林亞辰	3
游艾芸	3
陳玉芬	3
鍾佳紋	3
李誠裕	3
李貝珊	3
Yat Hung Lee	3
楊瑋誠	3
Yao-Sung Lin	3
鍾依璇	3
李麗華	3
黃獻文	3
Hurng-Yi Wang	3
蘇銘千	3
楊正雄	3
杜邦憲	3
Hung-Nien Chen	3
Y. Kirk Lin	3
黃光瀛	3
陳永松	3
蘇姵瑜	3
林冠宏	3
蘇夢淮	3
楊尚芳	3
薛美莉	3
黃仁磐	3
陳禾張	3
張家銘	3
黃智男	3
葉志慧	3
陳美惠	3
鄭翰群	3
林婷婷	3
陳羿孜	3
林容仟	3
林屏君	3
宋一鑫	3
胡文寅	3
Shao-Chang Huang	3
葉文琪	3
藍怡婷	3
林安正	3
蔡學承	3
黃朝慶	3
蘇信維	3
林培文	3
黃朝景	3
黃仲琳	3
楊建鴻	3
Hsiao-Wei Yuan	3
鄭舜仁	3
Chung-Chi Lin	3
張家維	2
張嘉峰	2
戴子堯	2
張峰勳	2
張文亮	2
郭暐媺	2
張文賢	2
徐芷筠	2
張承雅	2
費昌勇	2
邱百合	2
邱韋博	2
張尹程	2
張家慈	2
邱鈺惠	2
徐銘宏	2
張弘毅	2
廖宇賡	2
廖思涵	2
廖德裕	2
張嘉祺	2
張恆源	2
張廖年鴻	2
邱靜詠	2
譚棉心	2
郭儆寰	2
邵仁芝	2
張育閑	2
張育華	2
張育菁	2
賴柔潔	2
張耕耀	2
辜俊逸	2
徐偉傑	2
張維君	2
辜國展	2
張俊怡	2
辜子修	2
張素卿	2
廖紫廷	2
郭子維	2
郭俐伶	2
廖璟郡	2
彭良維	2
賴秀芬	2
張碩軒	2
張藝平	2
張雅棻	2
賴鵬仁	2
張仁杰	2
趙大衛	2
張仁川	2
張鈞普	2
郭兆偉	2
張郁琦	2
張豈銘	2
趙榮台	2
張顥瀚	2
張騰文	2
賴郁婷	2
彭上恩	2
彭世賢	2
廖珠宏	2
張相怡	2
張君欣	2
邱垂生	2
張榮樺	2
邱宏彬	2
張桓僕	2
郭亭君	2
張勝柏	2
張書德	2
徐歷鵬	2
徐笑情	2
張智豪	2
張智涵	2
郭忠誠	2
張明達	2
廖敏惠	2
廖怡婷	2
邵厚潔	2
張凱筌	2
賴宜鈴	2
張登銓	2
張正暐	2
連威森	2
連志台	2
郭俊成	2
張瑜棻	2
郭家旻	2
邱仕涵	2
張玄勳	2
賴志偉	2
賴彥辰	2
張淇惠	2
徐德華	2
張海寧	2
徐敏益	2
張水鍇	2
徐文志	2
張淑萍	2
林郁卿	2
譚承柔	2
楊怡明	2
葉慶龍	2
楊宜勳	2
楊宗愈	2
梁恩道	2
梁師瑀	2
葛兆年	2
葛瑞	2
蔡仁惟	2
蔡佩妤	2
柯俊成	2
蔡佩芳	2
柯伯宗	2
林鶯熹	2
林鳳嬌	2
蔡佳穎	2
楊建宏	2
楊憲鵬	2
林韋齊	2
葉千瑋	2
橋田知英	2
莊懷淳	2
莊曜陽	2
楊韻平	2
楊雅菁	2
楊雅祺	2
楊雅惠	2
莊真維	2
莊鈴川	2
楊燿隆	2
華仲偉	2
楊棋明	2
葉世榮	2
楊明哲	2
楊昌諺	2
林駿宏	2
林靜宜	2
摩悌	2
蔡昱珊	2
蔡歆雁	2
林永昌	2
林毅倫	2
蔡正一	2
林正鴻	2
林樸	2
林梅芳	2
蔡正隆	2
蔡淑美	2
蔡碧芝	2
林杰	2
林暄翊	2
林智偉	2
蔡經甫	2
林昱伶	2
蔡欣吟	2
林獻升	2
蔡其芯	2
林登秋	2
蔡南益	2
蔡哲民	2
蔡嘉揚	2
蔡國榮	2
蔡奇立	2
林芳郁	2
林芝瑜	2
林聖豐	2
蔡志奇	2
蔡思聖	2
林美吟	2
蔡慧珊	2
林笈克	2
蔡政翰	2
林秀瑾	2
莊慶達	2
莊弘穎	2
段文宏	2
秦庭娓	2
王利文	2
章愛梅	2
王佳惠	2
童泰力	2
熊光凱	2
簡嘉宏	2
簡士傑	2
簡明	2
簡春潭	2
簡晧博	2
簡邑竹	2
潘星伯	2
粘書維	2
羅云嘉	2
潘學儀	2
王博賢	2
祁偉廉	2
莊國碩	2
王國權	2
王緒昂	2
王若凡	2
王秋凰	2
王瑞君	2
王玉婷	2
王錫杰	2
王永豐	2
王智強	2
王振宇	2
田志仁	2
王惟加	2
王怡慧	2
盧堅富	2
盧宗楷	2
石淯銘	2
羅友志	2
滕菀婷	2
羅文穗	2
羅晨涵	2
汪佩儀	2
池語軒	2
江郁宣	2
江淑卿	2
范純敏	2
范素瑋	2
江昭皚	2
江明亮	2
范義彬	2
江慶華	2
江岱珈	2
范震華	2
荊樹人	2
江國憲	2
江偉全	2
汪弘文	2
汪采葳	2
沈世傑	2
洪敏瑜	2
羅柳墀	2
羅珮純	2
羅諠憶	2
洪至頡	2
洪維澤	2
洪海庭	2
洪博彥	2
范中衍	2
胡心怡	2
洪于婷	2
胡景瀚	2
沈葆聖	2
沈恕忻	2
沈康寧	2
林映廷	2
蔡育倫	2
林明璋	2
詹子緯	2
李信徹	2
李依涵	2
詹雅婷	2
李佳紜	2
李佳宜	2
謝伯娟	2
李伍鎔	2
謝佳蓉	2
李世彬	2
机慶國	2
朱珉寬	2
朱宏達	2
朱何宗	2
朱于飛	2
曾立鈞	2
李偉傑	2
李冠中	2
許榮庭	2
李夌容	2
李政諦	2
李承恩	2
許永暉	2
李思緯	2
李彥錚	2
李建輔	2
李建融	2
李建正	2
李廷宏	2
李寶珠	2
李家儀	2
李宜欣	2
許絲婷	2
李宜娟	2
李姮蒨	2
謝恆毅	2
曾書萍	2
曾暐倫	2
曾文生	2
施月英	2
謝瑀	2
施心翊	2
謝秋華	2
施奕慈	2
施凱傑	2
施佳宜	2
謝芸軒	2
方雅玲	2
謝議霆	2
謝采吟	2
謝錫超	2
謝韻婷	2
方偉	2
譚博仁	2
謝玲	2
施雅蓉	2
曹又仁	2
曾子榮	2
曾文彥	2
曾文宣	2
曾惠真	2
謝文宜	2
曾怡璇	2
曾廣瑜	2
曾威捷	2
曹家銘	2
曾姿萍	2
謝欣彣	2
曾喜育	2
曾億萍	2
曾傳蘆	2
曾伶	2
李政霖	2
許桂菁	2
林明墩	2
薛攀文	2
藍智鴻	2
林威亞	2
林妙儒	2
林奐宇	2
林嘉勇	2
林哲宏	2
林君衡	2
蘇彥肇	2
林勇欣	2
蘇志峰	2
蘇昱任	2
林克勳	2
林健洲	2
蘇烝民	2
林侑輝	2
林孟媛	2
林學銘	2
李文	2
蕭皓庭	2
林旭宏	2
蔡蕙雯	2
蔡錦文	2
林敬勛	2
林政德	2
林承昊	2
蔡雅如	2
蔡餘慶	2
蕭世輝	2
蕭之維	2
蕭仁傑	2
蕭文鳳	2
林建利	2
林家帆	2
林宜潔	2
林佳蓁	2
林佳祈	2
林佳樺	2
林佳宏	2
許佳榕	2
許偉誠	2
李紀辰	2
李秉容	2
李璟泓	2
李瑞陽	2
李瀚	2
李毓文	2
李正文	2
許家維	2
李柏鋒	2
李柏諺	2
許庭瑋	2
李方儒	2
許智傑	2
李腕琇	2
李良展	2
許伯誠	2
杜昆盈	2
林佩蓉	2
林于凱	2
蘇聲欣	2
蘇詠超	2
林上揚	2
郭曉晴	2
杜心怡	2
袁守立	2
杜佳燁	2
蘇銘言	2
李順發	2
袁又罡	2
李采燕	2
袁孝维	2
杜武俊	2
張哲誌	2
廖俊傑	2
何東輯	2
陳柏宏	2
Yi Ting Lien	2
陳朝圳	2
Yi-Kuang Wang	2
陳昱玄	2
Yi-Ting Lien	2
陳映嵐	2
Yu-Cheng Hsu	2
Yu-Ching Tsai	2
Yu-Hsi Wang	2
陳昀暐	2
Yu-Teh K. Lin	2
Yuh-Wen Chiu	2
Yun-Hsiu Chen	2
陳怡靜	2
陳怡秀	2
陳怡潔	2
陳思瑋	2
陳思卉	2
陳思利	2
陳德鴻	2
伍淑惠	2
伏鳳歧	2
何伊喬	2
陳彥君	2
陳彥伶	2
陳建龍	2
陳建良	2
何政擇	2
陳柔聿	2
陳桂玉	2
Yao-Hung Liu	2
陳炫任	2
Shou-Choung Huang	2
Shu Fang	2
陳美玉	2
Sung-Yin Yang	2
Takefumi Nakazawa	2
陳盈方	2
Todd Blackledge	2
陳盈如	2
陳皇奇	2
陳瑩	2
陳玟璇	2
陳玉燕	2
Vivian N. Wei	2
陳瀅淳	2
陳正又	2
Wei-Yun Chen	2
陳添水	2
Wei-yun Chen	2
Wen-Bin Yeh	2
Wen-Hung Twan	2
陳淑美	2
陳泳志	2
Y. H. Li	2
Y. N. Jiang	2
陳毅翰	2
Y. T. Ju	2
Y. Wang	2
YEN Shen-Horn	2
何明宗	2
陳建宏	2
陳聿康	2
陳建中	2
陳天任	2
劉宗穎	2
劉家宏	2
劉尚賓	2
陳哲豪	2
陳品辰	2
陳品如	2
陳匡洵	2
劉政輝	2
劉文惠	2
陳冠語	2
劉曼儀	2
陳健民	2
劉淑芬	2
陳信翰	2
劉維中	2
陳俞均	2
劉耀鴻	2
陳俊年	2
劉醇曜	2
劉霽	2
陳俊夫	2
陳佩琳	2
陳佩呈	2
陳伯飛	2
吳世鴻	2
吳亘承	2
吳京諭	2
吳佳倖	2
陳奐臻	2
劉姵汝	2
劉奕炘	2
凃央昌	2
陳幸琳	2
何英毅	2
陳家平	2
余品奐	2
陳宛均	2
余采倫	2
侯宣伊	2
侯玨	2
陳宏年	2
傅在峰	2
傅木錦	2
傅淑瑋	2
傅雯君	2
凃昭安	2
劉嘉顯	2
凃翔議	2
凌維	2
劉中慧	2
劉仲康	2
陳威廷	2
陳姿伶	2
劉俊賢	2
劉倩彣	2
陳姵如	2
陳妍榕	2
陳奕如	2
劉力銜	2
劉和義	2
Shin-Hong Cheng	2
陳若潔	2
吳兆佳	2
Hsiao-Wei Kao	2
黃福興	2
Chu-Yen Cheng	2
Chuan-Chin Chiao	2
黃湘倫	2
Chun-Hsiang Chang	2
黃正宇	2
黃榮千	2
Chun-Wei Chang	2
Chung Dac Ngo	2
Chung Ping Lin	2
黃柏崴	2
Chung-Huey Wu	2
Chung-Pin Lin	2
Chung-ping Lin	2
黃暐霖	2
黃昱文	2
David Obura	2
Doyle Mckey	2
黃明惠	2
黃文俊	2
黃敏萱	2
黃振庭	2
黃怡羚	2
Gerrut Norval	2
黃彥蓉	2
黃建秦	2
黃建智	2
Hans-Uwe Dahms	2
Hironobu Fukami	2
黃秀惠	2
黃秀珍	2
黃紀瑜	2
黃郅凱	2
Anthony Bain	2
龍悅生	2
龍佩君	2
Binh Van Ngo	2
CHEN Wei-Yun	2
Carden C Wallace	2
CardenC.Wallace	2
黃雲清	2
Chai-Hsia Gan	2
Chalida Sri-in	2
黃雅莉	2
Chao-Ching Chang	2
黃雄仁	2
Chen-Yi Tu	2
Chih-Yung Chiou	2
Cheng-Han Tsai	2
Cheng-Hsiu Tsai	2
黃詩婷	2
Cheng-Yu Li	2
Chi-Feng Tsai	2
黃行七	2
Chia-Hsuan Wei	2
Chia-Hung Hsieh	2
黃致融	2
黃致玠	2
黃聖勛	2
Chien-Hsun Chen	2
Chienhsun Chen	2
Hsi-Te Shih	2
Hsiao-Wen Yuan	2
Shang-Te Tsai	2
Hsin-Yi Hung	2
高啟倫	2
高保齡	2
Li-Chun Tseng	2
高事宜	2
Liang-Kong Lin	2
Lin Hui-Chen	2
馮湘婷	2
Lin, Chung-Ping	2
馮冠達	2
Mark D. Barnes	2
Mark Liu	2
顏順軫	2
顏瓊芬	2
顏士清	2
Min-Li Tsai	2
Ming-Chih Shih	2
Ming-Hui Chen	2
陸田奇	2
陳麗西	2
陳麗玲	2
陳鴻鳴	2
Pei-Jie Meng	2
陳鴻助	2
陳餘鋆	2
陳顯彰	2
Rowena King	2
陳鈺雯	2
S. H. Li	2
Sean J. Blamires	2
LIN Si-Min	2
Kwang-Tsao Shao	2
Kuo-Jung Chao	2
J. F. Su	2
Hsueh-Wen Chang	2
黃嘉龍	2
黃嘉銘	2
黃品惠	2
黃向文	2
黃冠陵	2
Hwey-lian Hsieh	2
I-Ching Chen	2
黃傳景	2
I-Shiung Chen	2
I.-Jiunn Cheng	2
In-Ki Kwon	2
黃俊霖	2
J.-Cheng Kuo	2
Kuan-Chieh Hung	2
黃俊嘉	2
Jay Ming-Che Yang	2
黃仲霙	2
黃乙洲	2
Jih-Tern Wang	2
Jiun-Hong Chen	2
魏勢璋	2
K. Y. Li	2
Kahterine K. Lam	2
高資棟	2
高維苓	2
Kent A. Hatch	2
Kisup Lee	2
吳偉立	2
王芳琳	2
唐劍武	2
吳麗蘭	2
周玟	2
呂易哲	2
鄭惠元	2
鄭恕涵	2
吳郁昕	2
鍾志俊	2
官文惠	2
孫志陸	2
鄭勝聰	2
吳華蓉	2
吳建龍	2
吳憲志	2
唐瑋勵	2
陳一鳴	2
鄭維新	2
吳采諭	2
吳思毅	2
巫紅霏	2
郭淳棻	2
周怡伶	2
野澤洋耕	2
孫烜駿	2
郭浩志	2
鄧穎軒	2
吳孟修	2
鐘豊昌	2
周顥海	2
吳書平	2
吳雨新	2
康兆凱	2
夏禹九	2
吳逸華	2
吳忠霖	2
康家倩	2
郭正彥	2
吳坤璋	2
呂亞融	2
季昭華	2
呂儀潔	2
呂翊維	2
吳尚穎	2
鍾坤燕	2
尤御丞	2
鐘丁茂	2
吳筱萍	2
鄧紹君	2
周世明	2
周偉融	2
宋允光	2
周柏翰	2
鍾兆晉	2
鄭詠仁	2
嚴子彬	2
郭瓊華	2
周大慶	2
陳世煌	2
鄭雅鈺	2
鄭育昇	2
姜延年	2
孫培峰	2
錢曉薇	2
鄭明修	2
郭采寧	2
吳柏毅	2
鄭嬿甄	2
郭正農	2
呂盈靜	2
吳沛恩	2
廖仁慧	2
吳彥鋒	2
黃伯銓	1
邱詩娟	1
黃俊元	1
賴宗慈	1
葉川逢	1
鄭伃珊	1
魏瑞昌	1
葉烱章	1
葉淑德	1
魏翠萍	1
葉欣誠	1
葉柏瑋	1
魏雋瑀	1
葉月鳳	1
葉曉穎	1
魏香瑜	1
麥管碩	1
葉昊然	1
黃仲義	1
葉旭鎧	1
麥錦萱	1
黃乃仁	1
邱英哲	1
葉擇奇	1
邱茂銓	1
黃乙玉	1
葉惠群	1
黃于珊	1
黃亦凡	1
黃仁德	1
鄭仲堯	1
葉亦維	1
黃俊翰	1
鄒勳文	1
莊蕙瑄	1
莊育禎	1
黃品則	1
莊翔麟	1
莊美真	1
邱鳳松	1
莊為傑	1
莊淳如	1
黃品綺	1
莊柏豪	1
王舒薇	1
黃國峰	1
黃國揚	1
莊豐嘉	1
黃堅庭	1
黃士元	1
黃大俊	1
郭金泉	1
郭鴻志	1
郭馨文	1
黃如霜	1
黃妤婷	1
黃婉如	1
黃婉琦	1
莊宜靜	1
黃婉萍	1
莊謙恭	1
鄒騰冠	1
葉姵君	1
萬芷伶	1
鄧雲棟	1
葉多涵	1
黃俊賓	1
鄧萃妍	1
葉信利	1
葉依菫	1
黃保鳴	1
葉人碩	1
黃信富	1
黃修德	1
邱銘源	1
萬鈞	1
黃偉綸	1
黃凱揚	1
萬美秀	1
華真	1
華瑜	1
邱錦和	1
黃儀君	1
鄧東波	1
黃光輝	1
黃克莉	1
莊靖渝	1
莊鎮碩	1
黃冠瑋	1
鄧彥齡	1
葉玉君	1
高金城	1
葉玉玲	1
蔡政修	1
蔡振忠	1
顏綵葭	1
顏艾倫	1
顧庭翔	1
蔡志雄	1
邱文良	1
蔡弦育	1
邱昌宏	1
饒世君	1
蔡幸倩	1
饒益品	1
馬協群	1
馬國欽	1
馬堪津	1
蔡岱樺	1
馬場繁幸	1
馬暐倫	1
馬永富	1
蔡屏玉	1
馬駿良	1
馮世綱	1
鄭勝文	1
馮加玲	1
邱明智	1
蔡宗育	1
蔡宗穎	1
馮欣蓉	1
顏秀芬	1
邱振財	1
魏惠美	1
顏江河	1
霍凱婷	1
霍竹軒	1
青佳苓	1
鞏國慶	1
鄭友禎	1
顏伯聰	1
蔡書亞	1
顏冠名	1
蔡易宏	1
蔡明諭	1
鄭博仁	1
蔡明育	1
顏嘉佑	1
蔡明真	1
顏嘉瑩	1
蔡明宏	1
蔡明哲	1
蔡明剛	1
蔡明利	1
顏延庭	1
顏愛倫	1
蔡昆祐	1
顏慧婷	1
蔡旻臻	1
蔡文吉	1
顏振暉	1
顏椿益	1
蔡宇庭	1
邱清安	1
蔡季瑄	1
蔡孟穎	1
邱珍	1
蔡佩君	1
高立	1
高紹文	1
蔡亦睿	1
蒲秀滿	1
高維岑	1
董瓔霙	1
董建億	1
鄭佾展	1
鄭佳瑋	1
郭韋成	1
邱美倫	1
魏亨列	1
邱若筑	1
著逸民	1
鄭伊娟	1
葉顯椏	1
葉韋稔	1
葉鏸瑩	1
葉裕民	1
魏婉如	1
魏宏仁	1
葉育良	1
葉美智	1
魏怡天	1
葉珈良	1
高相德志郎	1
蔡佳佑	1
蔡佳惠	1
蔡函霓	1
蔡孜奕	1
蔡妗怡	1
馮芝渝	1
馮震鈞	1
馮靜安	1
蔡嘉和	1
邱滿星	1
邱為靖	1
蔡及文	1
高佳雯	1
鄭凱中	1
鄭全彬	1
高克瑋	1
高相德志朗	1
蔡元泰	1
高嘉孜	1
蔡依倫	1
高文彬	1
高林助	1
蔡佳育	1
蔡佳純	1
邱玉萱	1
鄭光洲	1
高樹基	1
高汝嫺	1
高瑞卿	1
黃子耕	1
黃建霖	1
黃家瑜	1
郭慈文	1
黃薺瑩	1
郭毓璞	1
黃裕峰	1
郭峙廷	1
程禮怡	1
程忠智	1
黃襄德	1
程建中	1
程宛華	1
程培榮	1
郭彥仁	1
程台生	1
黃議新	1
黃輔暘	1
黃家祥	1
磯部友彥	1
黃郁珊	1
石維楷	1
郭慧蓮	1
石念袓	1
石宗立	1
瞿立晴	1
盧麗雯	1
黃鈺棻	1
黃鎮剛	1
盧福翊	1
盧福明	1
盧睿泉	1
章承智	1
童亞瑄	1
童婉萍	1
郭泰鑫	1
紀凱榕	1
郭姿蒨	1
郭潔情	1
粘博硯	1
黃紹毅	1
簡雯潔	1
郭婉容	1
簡豪江	1
簡珮瑜	1
簡森垣	1
簡桂煌	1
黃紹葦	1
黃翌瑋	1
簡廷安	1
郭子豪	1
簡嘉豪	1
黃聲蘋	1
郭淑芳	1
簡君芳	1
黃致遠	1
郭孟儒	1
端木茂甯	1
童莉婷	1
童祥雲	1
黃良卿	1
童皓群	1
童淑珠	1
盧毓秀	1
盧柏穎	1
郭榮信	1
王露翊	1
黃麒龍	1
王雅亭	1
黃麗瑾	1
王鈺瑋	1
王金田	1
黃鼎翔	1
黎歷偉	1
王重雄	1
王選昶	1
王達勉	1
齊凌岫	1
郭明德	1
郭星駿	1
龔國慶	1
郭智筌	1
王詩瑤	1
龔建融	1
龔泊錞	1
劉中慧	1
劉弼仁	1
王詩云	1
劉淑芬	1
李培芬	1
王裕順	1
王虹雅	1
林幸助	1
林瑞興	1
黃高正	1
王靖雯	1
盧昱辰	1
黃騰禾	1
黃雅倫	1
盧建名	1
盧宜岑	1
黃雅纖	1
黃雅雯	1
盧宇軒	1
郭懿儀	1
郭柏宇	1
黃雯杰	1
白梅玲	1
郭承彬	1
白家華	1
白人豪	1
田文敏	1
郭東輝	1
郭書昀	1
甘卜心	1
甘保羅	1
郭政淯	1
黃靖倫	1
王麗雯	1
王鴻毓	1
王駿博	1
王馨敏	1
黃靖廷	1
黃馨柔	1
黃馨瑩	1
紀瑤勝	1
黃筱芬	1
黃筠喬	1
黃振嘉	1
黃振榮	1
黃捷茂	1
郭佳雯	1
苑文謨	1
艾台霖	1
郭俊志	1
臧振華	1
黃文卿	1
黃文彬	1
胡為婷	1
黃文楷	1
胡正恒	1
黃文正	1
黃文達	1
胡樹萱	1
黃斌源	1
黃旌集	1
胡林志	1
黃日煇	1
黃日聖	1
郭艾伶	1
胡景怡	1
黃明樹	1
胡峻毓	1
黃明雯	1
胡家郡	1
郭育緯	1
范家豪	1
黃憶汝	1
胡宇光	1
黃意鈞	1
莊婷琪	1
黃富敏	1
黃將俢	1
莊伯孟	1
莊世昌	1
郭一羽	1
黃少昌	1
荆樹人	1
黃尹宣	1
黃崇鑫	1
黃嵩仁	1
黃庭玉	1
郭丁溫	1
郭重吉	1
黃建華	1
陸旻湘	1
黃志弘	1
范瑾瑜	1
范玉玲	1
范欽慧	1
黃思綿	1
黃怡慈	1
郭貴嵐	1
范晏慈	1
黃意筑	1
范文欣	1
范惠君	1
胡安邦	1
黃星翰	1
羅伊廷	1
黃永坤	1
羅貴禾	1
黃淑敏	1
郭國偉	1
羅筱鳳	1
黃瀚毅	1
羅登源	1
郭士維	1
黃玉華	1
黃珮雯	1
羅淑英	1
黃盟元	1
黃督耀	1
羅暐勛	1
黃祥麟	1
羅時俊	1
羅明吉	1
羅文雄	1
黃祺桂	1
羅文亭	1
羅慧珊	1
羅怡佩	1
羅康仁	1
郭玫辰	1
羅尹廷	1
郭炳村	1
黃科溥	1
黃立亘	1
翁世賢	1
翁仲毅	1
翁韶良	1
翁伊珊	1
黃映茹	1
黃春綺	1
黃昱傑	1
郭耀臨	1
郭偉望	1
翁進興	1
翁許庭	1
黃書彥	1
黃月香	1
郭筱薇	1
郭立穎	1
黃朝生	1
翁綉茗	1
郭秋燕	1
翁秀訓	1
黃柔境	1
郭秋廷	1
郭福麟	1
黃梓倫	1
翁榮炫	1
郭祺筠	1
翁崇智	1
黃楷翔	1
翁子洋	1
郭哲瑋	1
郭益銘	1
翁偉然	1
鄭名祺	1
陳馨怡	1
陸振岡	1
謝佳昌	1
陳宥延	1
錢玉蘭	1
陳宥豪	1
陳家宏	1
趙國榮	1
陳家榜	1
謝伊潔	1
陳家諾	1
謝一誠	1
陳尚欽	1
陳師慶	1
錢家琪	1
詹秉樺	1
陳康青	1
詹毓民	1
陳廣鴻	1
詹森	1
趙家駿	1
陳建名	1
詹曉婷	1
詹景堯	1
詹昭賢	1
詹偉中	1
陳建廷	1
詹佩榕	1
陳建忠	1
詩盈哲	1
陳宜群	1
謝佳玲	1
許齡文	1
陳宜玲	1
陳學琳	1
陳宏	1
謝家銘	1
謝家航	1
謝宜珊	1
謝宜恆	1
謝宗衞	1
陳宏信	1
謝宗祥	1
鍾奕霆	1
赤松友成	1
謝宗佑	1
謝宇婷	1
謝季恩	1
陳宏欣	1
陳宏源	1
陳宏遠	1
謝孟翰	1
謝嘉珍	1
陳宗孟	1
謝嘉煌	1
謝凱傑	1
謝典修	1
謝典俢	1
趙嘉詳	1
陳宛菁	1
謝偉漢	1
許齡藝	1
陳建成	1
許智珺	1
陳思妤	1
陳怡仁	1
許皓	1
許瑜恬	1
陳怡伶	1
陳怡婷	1
許琇雅	1
許玉玲	1
許火順	1
陳怡樺	1
許海龍	1
趙芯妘	1
許浩瑩	1
陳怡禎	1
許毅璿	1
趙虹	1
鄭金娥	1
鄭謙遜	1
陳怡馨	1
許正威	1
鄭詩柔	1
陳恩理	1
陳惠珊	1
陳惠琦	1
陳慕璇	1
陳慧玲	1
許根豪	1
許暐咏	1
趙芝良	1
陳思吟	1
許雅玟	1
趙羚雅	1
陳建瑋	1
趙容	1
趙彥琛	1
許雅惠	1
鄭霖駿	1
許雅婷	1
許鐘鋼	1
陳彤昀	1
許鈺鵬	1
許舒婷	1
陳彥嘉	1
陳德治	1
許翊萱	1
陳德浩	1
趙珮伶	1
許紜容	1
鄭雅健	1
許竹君	1
鄭鈺平	1
趙璧玉	1
陳志勇	1
陳志遠	1
陳忠應	1
許祖法	1
許祐薰	1
趙維良	1
許祐薫	1
謝彤珮	1
謝志琳	1
賴韋伸	1
陳俊文	1
陳俊良	1
陳俊郎	1
陳一龍	1
謝玲	1
陳俞安	1
謝靝	1
陳信宏	1
賴思穎	1
謝鎮陽	1
陳信良	1
陳信豪	1
陳偉欽	1
陳健戊	1
謝賢書	1
陳ㄙ華	1
謝謹霞	1
賴怡蒨	1
陳儒雅	1
謝莉顒	1
陳光亮	1
謝至澔	1
陳冠宇	1
謝育錚	1
謝章壬	1
賴惠珍	1
陳冠州	1
謝章任	1
陳俊維	1
賴彥廷	1
賴錦盆	1
譚綿心	1
賴威任	1
賴姿均	1
賴均銘	1
賴唯珊	1
陳亞萱	1
陳亭宇	1
陳亭瑋	1
陳仁昭	1
賴家欣	1
陳仕朋	1
陳以銘	1
賴峻廷	1
賴崑萁	1
賴伯勳	1
賴建志	1
陳世欣	1
賴乃薇	1
賈曼德	1
陳世楠	1
陳佩琪	1
陳世嘉	1
陳佳伶	1
陳依盈	1
陳俊嘉	1
賴建甫	1
陳世保	1
賴彥任	1
陳冠樺	1
謝祥文	1
謝祥彥	1
謝瑞帆	1
鍾雨岑	1
陳奕全	1
謝桂禎	1
鍾雅帆	1
鍾金豔	1
陳如玲	1
謝明昆	1
謝昀展	1
謝文陽	1
鍾至青	1
謝文富	1
賴經坤	1
陳姿今	1
鍾權偉	1
陳姿潔	1
賴繼昌	1
賴肅如	1
陳威諺	1
陳威邑	1
陳婉玲	1
鍾朝仁	1
謝承哲	1
鍾曉航	1
陳孟宜	1
謝怡萱	1
鍾昀庭	1
陳孟陽	1
陳奕儒	1
賴永昌	1
陳奕丞	1
陳嘉瑜	1
阮忠信	1
阮信瑋	1
陳冠語，張正暐	1
關哲云	1
陳君任	1
陳君睿	1
賴昌宏	1
謝玫儀	1
陳品翰	1
謝玨蘋	1
賴明宏	1
謝玉雪	1
陳嘉維	1
賴正杰	1
陳國正	1
陳坤鴻	1
謝牧鄉	1
鐘昆典	1
謝煒智	1
鐘佳芸	1
謝泓諺	1
陳士宥	1
賴欣欣	1
陳士賢	1
陳夢妮	1
賴正慧	1
許智皓	1
陳慧芳	1
陸承瑀	1
陳維哲	1
蕭蕙敏	1
陳維立	1
蕭舜庭	1
邱國勛	1
蕭瑋良	1
鄭惇遠	1
蕭玉璇	1
陳翊蓁	1
蕭玉晨	1
蕭淳任	1
陳翰昌	1
鄭怡如	1
陳聿泊	1
陳育孜	1
陳育慶	1
蕭涵予	1
陳至瑩	1
蕭明堂	1
陳芳琳	1
蕭昊亮	1
陳芸詩	1
鄭富中	1
陳蓓祺	1
蕭忠義	1
蕭建軍	1
蕭國偉	1
鄭安怡	1
蕭駿榤	1
陳笠江	1
蕭哲仁	1
薛博聞	1
鄭文騰	1
蘇信元	1
陳璿廷	1
陳百葦	1
蘇俐文	1
鄭文德	1
邱名鍾	1
蘇俊榮	1
邱品文	1
陳盈心	1
藍羚元	1
鄭振寬	1
藍秋月	1
陳盈潔	1
陳盈良	1
陳相伶	1
藍仁廷	1
陳真	1
陳知麟	1
薛竣陽	1
陳示崙	1
陳祖揚	1
陳秀惠	1
陳秋麟	1
陳立瑜	1
薛怡珍	1
薛孟旻	1
蕭哲志	1
陳虹琪	1
陳憶民	1
蔡蔭和	1
蔡萬生	1
陳雪琴	1
陳靜芳	1
陳韋仲	1
蔡芳伶	1
陳韋佑	1
陳韋志	1
陳韋翰	1
陳韻婷	1
陳飛羽	1
蔡緻怡	1
蔡緯毅	1
蔡維倫	1
陳高松	1
陳鳳華	1
邱峋文	1
邱彩綢	1
陳麒麟	1
蔡素甄	1
蔡秋玲	1
蔡碧麗	1
鄭如娟	1
陳鼎祐	1
陶禹君	1
陸子鈞	1
陸安琪	1
蔡正偉	1
陳雪溱	1
陳雅秋	1
陳裔璿	1
陳雅文	1
蕭兆翔	1
邱宏文	1
陳裕昇	1
陳詰容	1
陳調仁	1
陳進明	1
蔣鎮宇	1
陳逸蘋	1
蔣宜弦	1
蔣功國	1
蔡齡瑩	1
邱富嶼	1
蔡鵑如	1
陳遠寧	1
蔡韻文	1
蔡雯怡	1
蔡雨芬	1
蔡雅閔	1
陳銘仁	1
鄭學盟	1
陳銘煌	1
陳銘瑝	1
陳鋒蔚	1
蔡鎮吉	1
陳鍾瑋	1
陳陵霏	1
陳雅婷	1
蘇偉成	1
蘇冠碩	1
蘇合成	1
許嘉合	1
陳易昇	1
陳映宇	1
鄭育賢	1
陳映蓉	1
陳昭君	1
辛致煒	1
陳智維	1
鄭育斌	1
許佳玲	1
陳曉怡	1
陳東昇	1
陳松茂	1
陳柏儒	1
陳柏因	1
許也	1
陳柏安	1
西田伸	1
鄭益謙	1
陳柏豪	1
袁知芃	1
陳柏錞	1
袁榕	1
陳柔安	1
鄭瓊珍	1
辜昱嘉	1
袁孝緯	1
陳楊發	1
許善理	1
陳明義	1
陳瑉	1
許嘉閔	1
陳懿文	1
許智偉	1
鄭詠文	1
許景堯	1
許明樹	1
許惠怡	1
陳振榮	1
陳振祥	1
陳文義	1
許庭毓	1
陳文能	1
許庭凰	1
許峰銓	1
陳旻宛	1
鄭蕙燕	1
許富翔	1
許家齡	1
許家齊	1
許家銘	1
陳昇寬	1
陳昇暉	1
辛園茂	1
許安玓	1
許天麟	1
陳明	1
許嘉麟	1
陳明志	1
袁子能	1
連一洋	1
陳欣	1
衛冠竹	1
週書愉	1
陳清圳	1
鄭有容	1
陳温柔	1
蘇水龍	1
蘇民玹	1
蘇毓智	1
陳渭中	1
蘇毓斌	1
陳湘靜	1
蘇曉音	1
邱俊禕	1
陳煒堯	1
郭智豪	1
蘇慕容	1
蘇慈棻	1
邱俊豪	1
陳煥廷	1
陳煥文	1
蘇志峯	1
陳玉峰	1
蘇宗宏	1
蘇宇祥	1
陳玉鈴	1
邱劭章	1
陳玫如	1
陳玲	1
連裕益	1
陳淸圳	1
陳淑華	1
連偉男	1
陳欣瑜	1
陳歆	1
蟻川謙太郎	1
連偉名	1
鄭浩均	1
陳正平	1
陳殿麒	1
蘇郁翔	1
鄭楷騰	1
陳毅澄	1
陳毓昀	1
蘇迎晨	1
蘇軒昱	1
鄭朝正	1
陳永康	1
蘇育弘	1
連凱莉	1
蘇翊善	1
陳永祺	1
陳治楨	1
陳泓瑋	1
鄭楷穎	1
蘇立馥	1
陳淑娟	1
陳淑穎	1
蘇秋燕	1
蘇慕蓉	1
A. V.	1
王翰聰	1
何依潔	1
何俊彥	1
何冠助	1
何嘉欣	1
何坤益	1
何基瑋	1
何婉貞	1
何家瑋	1
何德明	1
何懷天	1
何文靈	1
何明修	1
何明燦	1
何杰騰	1
何泰暉	1
何熙誠	1
何珈欣	1
何珮綺	1
何琦琛	1
何瑞恒	1
何瓊文	1
何秋儒	1
何依雯	1
伊澤雅子	1
何紹瑋	1
任瑞文	1
Yun-Chieh Cheng	1
Yun-Peng Chiang	1
Yung-Chih Lai	1
Yung-Chou Chang	1
Yuping Chen	1
Yusheng M. Huang	1
Yuta Tanaka	1
Zheng-de Yao	1
丁俐勻	1
丁又昌	1
丁惠茹	1
丁渝瑋	1
丁皎	1
三木健	1
上田宏	1
丘臺生	1
中野秀勝	1
于子喆	1
于錫亮	1
任晃蓀	1
任永旭	1
何立德	1
何翰蓁	1
Yuan-Syuan Guo	1
凌國樺	1
利軒仲	1
劉乃銀	1
劉于禎	1
劉于綾	1
劉佩珊	1
劉依亭	1
劉依昕	1
劉俊廷	1
劉俐	1
劉偉茗	1
劉光明	1
劉冠宏	1
劉冠德	1
劉名允	1
劉嘉茹	1
劉姿岑	1
劉姿汝	1
劉婉琳	1
劉子揚	1
劉子維	1
劉宇倫	1
凌怡萱	1
儲瑞華	1
何英妮	1
傅新源	1
何華仁	1
何錦尚	1
何鑫	1
余信樂	1
余和如	1
余孟蝶	1
余宏斌	1
余慧盈	1
余昱緯	1
余淑惠	1
余遠猛	1
佟志剛	1
侯冠宇	1
侯慶賀	1
侯榮炘	1
侯欣儀	1
侯舜為	1
侯雯	1
倪國順	1
倪怡訓	1
傅士峰	1
Yuei-Ai Liou	1
Yuan-Ju Chuang	1
劉岳華	1
Wei-Lin Huang	1
Wei-chung Liu	1
Wei-ping Chan	1
Wen-Chung Fu	1
Wen-Hao Tan	1
Wen-Hsuan Chen	1
Wen-Jer Wu	1
Wen-San Huang	1
Wen-Shan Yeh	1
Wen-Wen Lin	1
Wen-lung Wu	1
Wenbe Hwang	1
William K. Loh	1
William Trisina	1
Wu, Li-Wei	1
X. Q. Ma	1
Y. J. Chen	1
Y. J. Hung	1
Y. P. Chan	1
Y. P. Lin	1
Y. S. Pai	1
Y.–C. Chang	1
Wei-Ting Ye	1
Wei-Lien Chi	1
Ya-Lun Kuo	1
Wei-Liang-Xiao	1
Tseng Deng-Yu	1
Tsui-Hua Liu	1
Tsung-Han Kuo	1
Tsung-Han Lee	1
Tsung-Hsuan Lee	1
Tun Yu Chen	1
Tyler Charles	1
Tzen-Yuh Chiang	1
Tzi-Yuan Wang	1
Tzu-Jung Tseng	1
Tzung-Su Ding	1
V. Alekseev	1
V. R. Alekseev.	1
W. H. Chou	1
Wan-Ting Chen	1
Wang Chia-Wei	1
Wang, Chia-Wei	1
Wei, Chia-Hsuan	1
Wei-Cheng Yang	1
Wei-Chung Huang	1
Wei-Chung Liu	1
YA Ching Jen	1
Ya-Peng Wang	1
Yuan-Hsun Sun	1
Yixiong Cai	1
Yong-Chao Su	1
Yong-Cheng, Huang	1
Yosef Steinberger	1
Yoshi Kawamoto	1
You-Hsuan Wu	1
You-Yu Lin	1
Yu Hsin-Yi	1
Yu- Shan Chung	1
Yu-Ching Tseng	1
Yu-Feng Hsu	1
Yu-Hsien Lin	1
Yu-Hsun Hsu	1
Yu-HungLin	1
Yu-Jen Tsao	1
Yu-Joe Hsia	1
Yu-Ling Kung	1
Yu-The Kirk Lin	1
Yu-Ting Huang	1
Yu-Tseng Wu	1
Yuan-Cheng Cheng	1
Yuan-Chih Lin	1
Yoko Nozawa	1
Ying Chen	1
Yang, Man-Miao	1
Yin-Jen Wu	1
Yang-Yuan Chen	1
Yao-Yang Chuang	1
Yaoyang Chuang	1
Ye Chen Gan	1
Yeh, LanWei	1
Yen, Shen-Horn	1
Yen-Chen Lee	1
Yen-Hsueh Tseng	1
Yen-Hua Huang	1
Yi-Chen Lee	1
Yi-Chioa Ho	1
Yi-Chun Yeh	1
Yi-Hsin Lee	1
Yi-Huey Chen	1
Yi-Jie Chen	1
Yi-Ju Flora Li	1
Yi-Liang Kuo	1
Yi-Min Weng	1
Yi-Shan Wang	1
Yi-Ting Lein	1
Yin-Fu Chang	1
劉宛宜	1
劉崇加	1
Tony Fountain	1
吳郁娟	1
吳金榮	1
吳靜芳	1
吳韋廷	1
吳順源	1
吳騏維	1
呂亞紋	1
呂亞純	1
呂佳家	1
呂佳陵	1
呂啟瑞	1
呂嘉耘	1
呂孟栖	1
呂學宇	1
呂宜蓉	1
呂建宏	1
呂昕怡	1
呂晟智	1
呂月霞	1
呂登元	1
呂進	1
周于茹	1
吳郁銑	1
吳賜猛	1
周儒	1
吳貞誼	1
吳欣蓉	1
吳沛臻	1
吳泰翰	1
吳淑美	1
吳炳翰	1
吳焜裕	1
吳玉威	1
吳玟欣	1
吳珊樺	1
吳盈慧	1
吳禎祺	1
吳秀枝	1
吳秉哲	1
吳秋賢	1
吳美儀	1
吳美麗	1
吳羽婷	1
吳翊瑞	1
吳翊端	1
吳蕙妤	1
吳蕙芬	1
周俊廷	1
周均珈	1
吳杰龍	1
姜延年	1
姜美甄	1
孔麒源	1
孫于婷	1
孫亦瑩	1
孫仲熙	1
孫佩妤	1
孫德容	1
孫淸松	1
孫清松	1
孫華駿	1
安歇爾	1
宋嘉軒	1
宋承儒	1
宋昱妤	1
宋秉明	1
宋立垚	1
宋紫玲	1
宋紹民	1
宋聖榮	1
宋馥珊	1
官苑芃	1
姜政廷	1
姚牧君	1
周宜靜	1
姚正德	1
周家宏	1
周慶玗	1
周成志	1
周明宏	1
周温雅	1
周雅嵐	1
周雪美	1
唐千雯	1
唐品琪	1
唐國紘	1
唐孟筠	1
唐崢賢	1
唐琬婷	1
唐錦淇	1
嚴中佑	1
嚴國恩	1
塗迪峰	1
增榮政	1
夏宏慶	1
大庭深也	1
姚中翎	1
吳松霖	1
吳曉平	1
劉巧梅	1
劉祐廷	1
劉秉青	1
劉翠涵	1
劉翼鳴	1
劉育志	1
劉育維	1
劉育菁	1
劉芷伊	1
劉衍志	1
劉進參	1
劉銘欽	1
劉麗芳	1
匡信綱	1
卓盟翔	1
厚潔	1
古晉丞	1
古皓東	1
可文亞	1
台南縣黑面琵鷺保育學會	1
史佩莼	1
吳三元	1
吳世卿	1
劉秉純	1
劉燈城	1
吳仲義	1
劉照國	1
劉廣英	1
劉彥廷	1
劉彥治	1
劉志勇	1
劉思謙	1
劉怡君	1
劉怡均	1
劉怡洵	1
劉怡里	1
劉恒鍵	1
劉慈文	1
劉政新	1
劉旭哲	1
劉晉維	1
劉晏成	1
劉月梅	1
劉杏芝	1
劉柏漢	1
劉毓興	1
劉淑敏	1
劉炯錫	1
吳仁邦	1
吳佳靜	1
吳智翔	1
吳尚澄	1
吳居貞	1
吳岱穎	1
吳建廷	1
吳建欣	1
吳彥綸	1
吳彥頡	1
吳復生	1
吳忠信	1
吳思瑩	1
吳怡慧	1
吳惠琳	1
吳慧欣	1
吳憶旻	1
吳政育	1
吳政賢	1
吳文哲	1
吳旭吟	1
吳旻俞	1
吳明書	1
吳明澤	1
吳明瑾	1
吳尹文	1
吳家禎	1
吳俊宗	1
吳宜穗	1
吳俊賢	1
吳俊輝	1
吳信輝	1
吳其恩	1
吳典家	1
吳冠毅	1
吳冠臻	1
吳加雄	1
吳啟斌	1
吳善恩	1
吳嘉斌	1
吳坤霖	1
吳培傑	1
吳姿儀	1
吳姿緯	1
吳婉君	1
吳婉寧	1
吳婉瑜	1
吳子青	1
吳季瑾	1
吳宗榮	1
Trevor Padgett	1
Tom Tregenza	1
王翎	1
Florence Chan Evacitas	1
Francois Schmitt	1
Freya St. John	1
Fu-man Zhung	1
Fuh-KwoShiah	1
G. C. Gong	1
Gamin Hsu	1
George Sugihara	1
Georgiana Cho-Chen Wu	1
Gerald R. Allen	1
Gered Clay Ryan	1
Gerrut Norva	1
Gou-Kai Hong	1
Graham A.J. Worthy	1
Guang-Zhong Hong	1
Guo-Zhang M. Song	1
Guo-Zhang Michael Song	1
Gwo-Ching Gong	1
H-U Dahms	1
H. B. Lillywhite	1
H. Nishzawa	1
H. T. Chu	1
Francis Freire	1
Feng-Yueh Tsai	1
H.-Chang Chen	1
Feng-Yu Wang	1
Chung-Yu Tang	1
Chyng-Shyan tzeng	1
Clmg Ping Lin	1
Da-Sheng Guo	1
Da-li Lin	1
Daivd J. Lohman	1
Damian O. Elias	1
Daryi Wang	1
David G. Reid	1
Delphine Beyrend-Dur	1
Dennis Eggett	1
Dr. Serge Morand	1
Dur Gael	1
Dustin R. Rubenstein	1
E-lain Quo	1
Eileen Lee	1
Erin Chen	1
Erin Shuli Chen	1
Esther Wong	1
F.-H. Nan	1
Feng Yu Wang	1
H. W. Chang	1
Hai-Yin Wu	1
Chung-Kang Liu	1
Hsu, Yu-Feng	1
Hsueh-WenChang	1
Hsun-Yi Hsieh	1
Hsy-Yu Tzeng	1
Huan-chang Liao	1
Huang Chen-Yen	1
Huang, Chung-Hsing	1
Huang-Chi Chen	1
Huei-Mien Ke	1
Hui Huang	1
Hui-Min Lin	1
Hui-Ming Huang	1
Hui-Yun Tseng	1
Huiwen Tung	1
Hung-Du Lin	1
Hung-yu Wang	1
Hwang	1
I-Hsun Ni	1
I-J Cheng	1
I-Ming Liu	1
I-S. Chen	1
I.-J. Cheng	1
Hsuan-Wien Chen	1
Hsu Jen Tsai	1
Han-Tsung Wang	1
Hsu Chia-Lin	1
Hao-Chiang Chien	1
Heather Ketebengang	1
Herman L. Mays Jr.	1
Herman Mays	1
Hernyi Justin Hsieh	1
Hidetoshi Ota	1
Hideyuki Chiba	1
Hiro-o Hamaguchi	1
Ho-Chang Chen	1
Hoe-Jing Lee	1
Hong-Young Yan	1
Hou-Feng Li	1
Hsi-Jen Tao	1
Hsi-Mei Lai	1
Hsi-Yuan Yang	1
Hsiang Ling Chen	1
Hsiao-Hang Chung	1
Hsin-An Chen	1
Hsin-chieh Chiang	1
Hsiu-Hui Su	1
Hsiu-Ling Tsai	1
Chung-Wei Chiu	1
Chung-Hsin Huang	1
Ian Niel dela Cruz	1
C.-P. Lin	1
Carol Augspurger	1
Cecilia A. LaBonte	1
Chang-Yu Chang	1
Chang‑Feng Dai	1
Chao yang Kuo	1
Chao-Yang Kuo	1
Charles R C Seppard	1
Charles Sheppard	1
Chau-Hwa Chi	1
Che-Hao Chen	1
Chen Yu, Lin	1
Chen-Chih Chen	1
Chen-Feng You	1
Chen-Han Chung	1
Cheng Hui-Ling	1
Cheng I-Jiunn	1
Cheng-Han Chung	1
Cheng-Hao Tang	1
Cheng-Ta Chiang	1
Chi-Chin Hwang	1
Chi-Wen Tsai	1
Can-Jen W. MAA	1
C.-L. Chen	1
Chia-Chun Tsai	1
C.-H. Wu	1
Affendi Yang-Amri	1
Aga Pinoska	1
Akamatsu Tomonari	1
Alan R. Olsen	1
An-Yu Cheng	1
Anderson B. Mayfield	1
Angelo Yuan-Chao Huang	1
Angus Macdonald	1
Anthony BAIN	1
Ariana Tsai	1
Avigdor Abelson	1
Bain Anthony	1
Bidet Julien	1
Bo-An Lin	1
Bo-Fei Chen	1
Bo-Yong Syu	1
Brian Wade Jamandre	1
C. H. Hsieh	1
C. H. Yang	1
C. P. Lin	1
C. Wallace	1
Chia-Chien Lee	1
Chia-Ho Hsu	1
Chung-Chih Chen	1
Ching-chih Tseng	1
Chiun-Cheng Ko	1
Cho-Ying Huang	1
Chong Kim Wong	1
Choon- Kiang Wong	1
Chou , Lien-Siang	1
Chou Lien-Siang	1
Chris D. Thomas	1
Chu-Yin Lin	1
Chuan-WenHo	1
Chuang, Ming-Feng	1
Chun-Chia Chou	1
Chun-Chieh Wang	1
Chun-Chin Chiao	1
Chun-Chun Wang	1
Chun-Hsin Tsai	1
Chun-Hung Chen	1
Chun-I Chiang	1
Chun-I Chiu	1
Chun-Yen Lin	1
Chung- Ping Lin	1
Chung-ChengLu	1
Chiou-ju Yao	1
Ching-Huei Huang	1
Chia-Hui Wang	1
Ching-Ho Hou	1
Chia-Hung Lan	1
Chia-Min Hsu	1
Chia-Ming Hsu	1
Chia-Yi Hu	1
Chien-Ching Liu	1
Chien-Chou Lin	1
Chien-Hsiang Lin	1
Chien-Hsien Chiu	1
Chien-Hsien Kuo	1
Chien-HsineKuo	1
Chien-Ju Lai	1
Chien-Wen Tang	1
Chien-chung Hsu	1
Chih-Hao Hsieh	1
Chih-Yung Chiu	1
Chill-Yung Chiou	1
Chill-Yung Chiu	1
Ching Chang	1
Ching-Chi Tseng	1
Ching-Chun Lin	1
Ching-Feng Weng	1
I.S. Chen	1
Inayat Hakim	1
Te-Hua Hsu	1
Peter Shin	1
Pierre-Alexandre Chateau	1
Pin-Huan Yu	1
Ping Chun Lucy Hou	1
Ping-Chun Ho	1
Ping-Chun Lucy Hou	1
Po-Han Chou	1
Po-Ju Ke	1
Po-Yung Lai	1
Pung-Pung Hwang	1
Qing-Chao Chen	1
R. Ewan Fordyce	1
R. J. T. Villanueva	1
R. J. Villanueva	1
R. Kirby	1
R. Kumar	1
R.Jan Stevenson	1
Raymond Tsai	1
Reagan Joseph T. Villanuev	1
Robert M. Zink	1
Ruby Moothien Pillay	1
Ruey- Shing Lin	1
Pi-Hei Chiang	1
Peter Kowalski	1
Ryan L. Earley	1
Peter Chesson	1
Mohammed	1
Mu-Chun Yao	1
N. H. Jang-Liaw	1
Nancy Knowlton	1
Naoko T. Fujito	1
Narriman Jiddawi	1
Nico Jose Leander	1
Nicole J. de Voogd	1
Nuwei Vvian Wei	1
O. M. Nuneza	1
O. M. Nuñeza	1
Okuda Noboru	1
Olin E. Rhodes	1
Oskar Henriksson	1
P. C. Ho	1
P. Kowalski	1
Pai-ho Chiu	1
Patrick A. Zollner	1
Pei-Ju Chen	1
PenghuArchipelago	1
Peter Arzberg	1
Rung-Tsung Chen	1
Ryota Hayashi	1
Ming-Tser Yang	1
Shoichiro Suda	1
Shu-Chuan Tsai	1
Shu-Chun Chuang	1
Shu-Hui Kuan	1
Shu-Hui Yu	1
Shu-Miaw Chaw	1
Shu-Ping Hung	1
Shu-Wei Fu	1
Shuen-Chi You	1
Sin-CheLee	1
Sin-Chi Lee	1
Stephen Ho Shih	1
Su-Han Yeh	1
Sue-Joan Chang	1
Suharsono	1
Sung-Hua Lin	1
Sung-yin Yang	1
Sven O. Kullander	1
Syuan-Jyun Sun	1
T. Oshida	1
TSAO Wei-Chih	1
Takeshi Miki	1
ShongHuang	1
Shih-Rei Liao	1
S. Malyavinl	1
Shih-Fan Chan	1
S. Souissi	1
S. W. Chan	1
S. W. Chang	1
S.P. Huang	1
Sadri Said	1
Sara Taghizadeh	1
Satoshi Ichise	1
Sen Jan	1
Sen-Lin Tang	1
Shakil Visram	1
Shane Guan	1
Shankil Visram	1
Shao-Wei Hunag	1
ShaoMin Yang	1
Shashank Keshavmurthy	1
Shen- Horn Yen	1
Sheng-Hai Wu	1
Sheng-Han Lin	1
Sheng-Yang Wang	1
Shian-Lin Huang	1
Shih-Chang Wei	1
Ming-Yi Chou	1
Ming-Huang Wu	1
J. McManus	1
John Y. Wang	1
Joseph F. Vignola	1
Juan Carlos Molinero	1
Jui-Han Lin	1
Jui-Hua Chu	1
Jun- Kang Lee	1
Justin Marshall	1
Jyuan-Ru Tsai	1
K. Y. Lue	1
Ka-Iong Lam	1
Kam, Yeong-Choy	1
Kanako Ishikawa	1
Kang-Ning Shen	1
Kao-Song Chen	1
Kelly B. Schnare	1
Kimio Fukami	1
King Rowena	1
Kuan Che Yun	1
Kuang-Ting Cheng	1
Kuang-Yang, Lue	1
Kuen-tien Chung	1
Kui-Ching Hsu	1
Johnny Shou-Chung Chen	1
John L. Koprowski	1
Lan-Wei Yeh	1
Jo-Fan wang	1
J. S.	1
J.-S. Hwang	1
J.S. Hwang	1
JackieWolstenholme	1
James M. Kunene	1
Jane K. Hill	1
Jean-Dominique Durand	1
Jean-Yves Heurtebise	1
Jen Pan Hung	1
Jen-Zon Ho	1
Jer-Yuh Liu	1
Jeremy D. Holloway	1
Jiaho Shiu	1
Jian-Nan Liu	1
Jiang-Ping Wang	1
Jih-Tay Hsu	1
Jih-Terng Wang	1
Jin-Chywan Gwo	1
Jing-Han Huang	1
Jiun-Lin Yan	1
Jiung-Shian Liou	1
L.–K. Lin	1
Lan-Wei Yeh Chung-Ping Lin	1
Ming-Huang Chang	1
Makrushin	1
Mark V. Erdmann	1
Martin How	1
Masaki Sano	1
Masaru Nonaka	1
Masayuki Itoh	1
Mathieu Joron	1
Mats Grahn	1
Mayumi Yoshimura	1
Mei-Chen Lee	1
Mei-Ting Wang	1
Mei-fang Cho	1
Meifang Lin	1
Meng-Jeng Kuo	1
Meng-Yi Chen	1
Meng-l Chen	1
Michio Kumagai	1
Milang Eberdong	1
Min-Chia Chiang	1
Min-Yun Liu	1
Ming Yu Chang	1
Ming-Haw Li	1
Marie E. Herberstein	1
Mahjoub M.-S	1
Laurie Sorenson	1
M. Miracle	1
Lee Alan Dugatkin	1
Lei Zheng	1
Lekhnath Kafle	1
Leocris Jr. Batucan	1
Li-Cheng Shih	1
Li-Lian Liu	1
Liang-Hsien Chen	1
Lien-Siang CHOU	1
Lih-Chyun Loo	1
Lin Che Hung	1
Lin Szu-Ying	1
Lin Tzu-Hao	1
Lin, Hui-Chen	1
Lin, Tzu-Hao	1
Lin, Yu-Che	1
Ling-Hsuan Wang	1
Ling-Ling Chueh	1
Ling-Ying Tsai	1
Lu Yun	1
M. Ablan	1
M. Harada	1
小野里坦	1
尤仲妮	1
尤莉薇	1
林雨徳	1
林靖淳	1
林靜如	1
林順傑	1
林馳源	1
林高生	1
柯伶樺	1
柯佳吟	1
柯佳雯	1
柯博元	1
柯奕制	1
柯宜宏	1
柯彥竹	1
柯心平	1
柯柏如	1
柯美如	1
柯義文	1
柯風溪	1
梁兆宏	1
梁又仁	1
梁城源	1
梁彧禎	1
林青楓	1
林雅雯	1
梁純瑜	1
林雅惠	1
林致綱	1
林芳伊	1
林芷璿	1
林芷頡	1
林芸安	1
林若珊	1
林莞瑜	1
林萬欣	1
林葆琛	1
林藜臻	1
林虹君	1
林裕哲	1
林詠喬	1
林豊益	1
林貞瑋	1
林資沁	1
林軒羽	1
林逸賢	1
Adriana Santacruz-Castro	1
林郁君	1
林鉅倫	1
梁硯嘉	1
梁維	1
林育宣	1
楊峻鵬	1
楊惠雯	1
楊愷樂	1
楊懿資	1
楊振家	1
楊捷旭	1
楊敏儀	1
楊文凱	1
楊明淵	1
楊明雄	1
楊易霖	1
楊景程	1
楊智傑	1
楊智凱	1
楊曜鴻	1
楊書懿	1
楊書旻	1
楊書萍	1
楊曼瑜	1
楊月姿	1
楊松穎	1
楊正昌	1
楊志偉	1
楊尚霖	1
梁維仁	1
楊尚燁	1
梁興杰	1
梁若華 林雨德	1
梁詩珮	1
梁高賓	1
楊世主	1
楊佳玲	1
楊佾修	1
楊倩惠	1
楊健仁	1
楊凱雯	1
楊博盛	1
楊吉宗	1
楊善閔	1
楊國楨	1
楊國禎	1
楊婉玲	1
楊宗憲	1
楊宗翰	1
楊宗運	1
楊家民	1
楊少榕	1
林育禾	1
林翰揚	1
楊淳凱	1
林弘都	1
林彥宏	1
林彥瑜	1
林彰海	1
林志昌	1
林志豪	1
林思瑩	1
林思豪	1
林思辰	1
林怡君	1
林怡孜	1
林怡岑	1
林怡萱	1
林恩平	1
林悅強	1
林惠如	1
林惠珊	1
林惠貞	1
林愷愔	1
林慈怡	1
林慧婷	1
林慧玲	1
林彥妤	1
林建昇	1
林慧齡	1
林廷翰	1
林威任	1
林婷鈺	1
林子君	1
林子揚	1
林子筠	1
林孟穎	1
林孫權	1
林宏儒	1
林宏榮	1
林宏逸	1
林宗歧	1
林宗禹	1
林宗鍵	1
林宛柔	1
林宛蓁	1
林宜蓉	1
林宣足	1
林家蔚	1
林家豪	1
林岳賢	1
林幸樺	1
林慧雅	1
林我崇	1
林羿汶	1
林泰宇	1
林泳易	1
林浩之	1
林涵敏	1
林清哲	1
林清龍	1
林煒荃	1
林玉珍	1
林琪晏	1
林瑋儒	1
林瑞文	1
林登榮	1
林碧亮	1
林秀梅	1
林秀珍	1
林秀育	1
林科含	1
林穆明	1
林純瑤	1
林素美	1
林美峰	1
林羽晧	1
林泰康	1
林殿昀	1
林承佑	1
林梵絃	1
林敬鈞	1
林文宏	1
林文琪	1
林文祥	1
林新添	1
林旭政	1
林旻翰	1
林明哲	1
林明賢	1
林春基	1
林昭宏	1
林晏如	1
林晏羚	1
林景瑤	1
林東良	1
林松樺	1
林柏廷	1
林柏芬	1
林柔靜	1
林格妃	1
林桂平	1
楊沁儒	1
楊瀅涓	1
尹靜貞	1
熊文俊	1
王一如	1
王上輔	1
王世杰	1
王也珍	1
王于豪	1
王佑軒	1
王偉龍	1
王元均	1
王克銓	1
王函悠	1
王劭頤	1
王升陽	1
王友慈	1
王嘉民	1
王嘉瑋	1
王嘉莉	1
王嘉靖	1
王坤旺	1
王士豪	1
王大明	1
王奕婷	1
牧口祐也	1
熊威年	1
王姿媚	1
熊同銘	1
潘亮瑜	1
潘彥儒	1
潘彥緹	1
潘怡如	1
潘怡廷	1
潘怡靜	1
潘文欽	1
潘曉涵	1
潘曉秋	1
潘柏志	1
潘永華	1
潘誌輝	1
潘鈺婷	1
潘雅雯	1
潘雪芸	1
潘靖汶	1
潮雅之	1
為辰宇	1
烏奇勳	1
熊代勛	1
熊同銓	1
王妤安	1
王威勝	1
滕民強	1
王文宇	1
王明仁	1
王明智	1
王智穎	1
王智群	1
王柏燊	1
王楹	1
王治華	1
王浥璋	1
王淑慧	1
王淳信	1
王玟琦	1
王玫婷	1
王琬菁	1
王瑞亨	1
王璿	1
王盈淇	1
王禹仁	1
王穎婕	1
王維君	1
王維賢	1
王維辰	1
王文霖	1
王文卉	1
王威翔	1
王敏玲	1
王婷玉	1
王子瑄	1
王子華	1
王定中	1
王宣富	1
王家馨	1
王巧萍	1
王常宇	1
王庭碩	1
王彥中	1
王彥棋	1
王志紘	1
王思涵	1
王思淳	1
王怡平	1
王怡蓁	1
王惟聖	1
王惟芬	1
王慎之	1
王慶裕	1
王振芳	1
潘世傑	1
溫華霞	1
楊玉德	1
江品歆	1
江安瑜	1
江宜霖	1
江文政	1
江書雅	1
江東權	1
江素瑛	1
江金駿	1
江集鯉	1
汪君穎	1
汪明學	1
汪淑慧	1
汪琮瑋	1
汪鴻玉	1
沈冠宇	1
沈子耘	1
沈家玉	1
沈庭	1
沈怡辰	1
沈登凱	1
沈祥仁	1
沈育政	1
江安世	1
江友中	1
沈采葳	1
江信宏	1
楊皓翔	1
楊皓雲	1
楊磊	1
楊箴芸	1
楊翕雯	1
楊舒如	1
楊舒媛	1
楊舒涵	1
楊茵洳	1
楊蕙瑄	1
楊貽雯	1
楊雅婷	1
楊馥瑜	1
楚涵	1
樂大春 Dávid Rédei	1
權遠飛	1
歐仁豪	1
歐木土	1
歐武雄	1
毛奎凱	1
江伊韓	1
沈臻真	1
沈霈珊	1
溫聞	1
游佳蓉	1
游娩如	1
游婉如	1
游志弘	1
游承翰	1
游明峰	1
游欣瑜	1
游淑鈞	1
游舜期	1
游輝儒	1
游顯光	1
湛新一	1
湯宇潔	1
湯政豪	1
湯森林	1
溫仲良	1
溫俐雯	1
溫國彰	1
溫在恆	1
溫智超	1
溫欣憲	1
溫珮珍	1
游佶橙	1
温佩珍	1
沙薳名	1
涂冬員	1
洪世哲	1
洪仁君	1
洪偉峻	1
洪健文	1
洪儒嬪	1
洪品堯	1
洪唯	1
洪國翔	1
洪夢祺	1
洪子喬	1
洪昆瑨	1
洪明仕	1
洪煜鈞	1
洪瑞則	1
洪禔韓	1
洪美珠	1
洪語晨	1
洪郁捷	1
洪郁茹	1
洪鈴雅	1
浦野智	1
林姿辰	1
林妤芬	1
林奕成	1
張鈺穎	1
張鎭陽	1
張鎮維	1
張鎮陽	1
張雅喬	1
張雋	1
張靜	1
張靜珠	1
張順卿	1
張鳳婷	1
張麗文	1
強國倫	1
彭仁隆	1
彭存偉	1
彭宇瑄	1
彭紹宏	1
彭維昕	1
彭翠娟	1
彭詩婷	1
彭賢庚	1
彭鉯雯	1
徐世杰	1
張銘仁	1
張鈺敏	1
徐佳妏	1
張鈞睿	1
張秉元	1
張筱筠	1
張簡宛珊	1
張素琪	1
張素瓊	1
張美瑜	1
張義榮	1
張育慈	1
張育瑄	1
張舒涵	1
張舜雲	1
張芷瑋	1
張苑菱	1
張英嬅	1
張菀渝	1
張蓓茹	1
張詠鈞	1
張詣奇	1
張資幸	1
張軒銘	1
張連宗	1
徐也	1
徐佳鈴	1
張皓閔	1
徐郁華	1
徐鎮平	1
徐麗雅	1
忻俐瑩	1
戴嘉慧	1
戴昌鳯	1
戴璟淳	1
戴詩珣	1
房兆屏	1
押田龍夫	1
文水成	1
方偉達	1
方啟華	1
方天熹	1
方志仁	1
方文揚	1
方桂蘭	1
方芳	1
方華湍	1
方薏菁	1
方豐信	1
方雅芬	1
徐銥貞	1
徐維莉	1
徐冰	1
徐紫欽	1
徐吉財	1
徐嘉玲	1
徐培修	1
徐培議	1
徐夢婷	1
徐如賢	1
徐小嫚	1
徐崇傑	1
徐崇斌	1
徐廣道	1
徐文至	1
徐斌彥	1
徐昇圓	1
徐昭龍	1
徐景彥	1
徐景彦	1
徐有正	1
徐淑芬	1
徐濟泰	1
徐爾烈	1
徐睿伶	1
張益豪	1
張瓊之	1
林奕妏	1
廖昱荃	1
廖晟宏	1
廖林彥	1
廖柏盛	1
廖柏諺	1
廖玲瑩	1
廖祥凱	1
廖秭妤	1
廖紫岑	1
廖美齡	1
廖育瑤	1
廖逸涵	1
廖鍹般	1
廖青軒	1
張 靖	1
張世杰	1
張五銓	1
張仲豪	1
張佳鼎	1
張倪禎	1
張傳雄	1
張儷瓊	1
廖昱銓	1
廖明輝	1
張准與	1
廖宸玉	1
屈大平	1
山中武彦	1
山夢嫻	1
山田格	1
崔學皓	1
巖佐庸	1
左承偉	1
巫效瑾	1
康世芳	1
康硯涵	1
廖世卿	1
廖中靖	1
廖倢妤	1
廖偉成	1
廖偉涵	1
廖偉辰	1
廖光正	1
廖品琇	1
廖哲緯	1
廖均宜	1
廖婕妤	1
張元馨	1
張凱荃	1
張瑞恬	1
張惠晴	1
張慧玲	1
張揚祺	1
張敬邦	1
張文宏	1
張智惟	1
張智揚	1
張智欣	1
張楊家豪	1
張榮德	1
張榮杰	1
張欣嘉	1
張殷豪	1
張永浩	1
張永達	1
張沔	1
張淑姬	1
張淸風	1
張清風	1
張琪如	1
張瑋辰	1
張瑞宗	1
張惠珠	1
張惠君	1
張勝雄	1
張恩迪	1
張勵婉	1
張博翔	1
張可揚	1
張合延	1
張哲嘉	1
張嘉恆	1
張嘉珮	1
張士昶	1
張天祐	1
張子見	1
張子超	1
張宏銘	1
張家綺	1
張家茂	1
張家語	1
張家齊	1
張少慈	1
張崑雄	1
張庭榕	1
張志揚	1
張恒嘉	1
方韻如	1
施上粟	1
施佳宏	1
李晨華	1
李有恭	1
李柏毅	1
李榮祥	1
李欣瑾	1
李欣穎	1
李欣霖	1
李欽國	1
李沛軒	1
李浩萱	1
李淑雯	1
李炳煌	1
李珈瑜	1
李瑞欽	1
李筠茱	1
李維昕	1
李翔蘊	1
李育儒	1
李育純	1
李艷霞	1
李苡柔	1
李蕙蓁	1
李曼玲	1
李晨光	1
李豪	1
李昶誠	1
李德旺	1
李德貴	1
李志堯	1
李思誼	1
李怡璇	1
李怡蓁	1
李慈雯	1
李承縉	1
李政學	1
李敏旭	1
李敬佩	1
李文傑	1
李文昭	1
李文欽	1
李文瑄	1
李文雄	1
李昀諭	1
李明佑	1
李明浩	1
李春輝	1
李昭德	1
李詠豪	1
李貫綸	1
施佳惠	1
林俊明	1
林偉彥	1
林傢祥	1
林冠妤	1
林冠穎	1
林函瑜	1
林利貞	1
林劭均	1
林勁吾	1
林務局	1
林召荃	1
林可欣	1
林后一	1
林君儀	1
林君文	1
林哲宇	1
林嘉善	1
林嘉男	1
林嘉貞	1
林國彰	1
林國斌	1
林奇宏	1
林俐利	1
林俊成	1
李賢駿	1
林俊全	1
李逸鴻	1
李銘碩	1
李銘順	1
李錦穎	1
李雅婷	1
李青珍	1
李麗卿	1
李麗雪	1
杜宜軒	1
杜悅元	1
杜隢薇	1
林世偉	1
林世宗	1
林世忠	1
林世杰	1
林中一	1
林亞立	1
林亞賢	1
林以文	1
林佩萱	1
林佳玟	1
李後鋒	1
李彩玉	1
李建明	1
曾惠妙	1
曾智麟	1
曾淑娟	1
曾琪芹	1
曾登裕	1
曾筱喬	1
曾衡宇	1
曾貴鴻	1
曾靜枝	1
朱亭如	1
朱克理	1
朱哲民	1
朱宏偉	1
朱宏堅	1
朱家蔚	1
朱巧雯	1
朱巧雯．林良恭	1
朱德清	1
朱惠菁	1
朱慧敏	1
朱沛婕	1
朱珮綺	1
曾惠婷	1
曾志正	1
李建昌	1
曾彥誠	1
施俊誠	1
施宏澤	1
施宜汝	1
施宜賢	1
施尚汶	1
施希建	1
施惠恩	1
施盈哲	1
施義杰	1
施芬如	1
施金德	1
施鈞瀚	1
曹子軒	1
曹庭蓁	1
曹紋寧	1
曾啟政	1
曾如玉	1
曾姿霖	1
曾宗德	1
曾庸哲	1
曾建閔	1
朱育民	1
朱達仁	1
朱麗萍	1
李一泓	1
李匡悌	1
李和惠	1
李嘉紘	1
李國樑	1
李坤瑄	1
李壽光	1
李奇英	1
李奕廷	1
李委晉	1
李子昂	1
李安興	1
李宏仁	1
李宗憲	1
李宗賢	1
李宜恆	1
李宜桂	1
李宜龍	1
李岱芬	1
李峻瑋	1
李峻璋	1
李崇褘	1
李冠霆	1
李冠誼	1
李光中	1
李佳立	1
李世博	1
李亦書	1
李仁凱	1
李仁耀	1
李仕琴	1
李仙壽	1
李佩穎	1
李佳玲	1
李佳琪	1
李佳陵	1
李先壽	1
李佳鴻	1
李俊康	1
李俊彥	1
李俊鴻	1
李俐悅	1
李信徵	1
李健暉	1
李允如	1
李允意	1
Ａ. Rus Hoelzel	1
